airbnb_id,link,building,unit_type,building_raw,unit_raw
999882878253858812,https://www.airbnb.ae/rooms/999882878253858812?_set_bev_on_new_domain=1758068560_EAMTE0YzhlYzljND&source_impression_id=p3_1758909592_P3ucINblt0QgjFoa,Seven Palm,,Seven Palm Jumeirah,1
1226566731311620568,https://www.airbnb.ae/rooms/1226566731311620568?_set_bev_on_new_domain=1758068560_EAMTE0YzhlYzljND&source_impression_id=p3_1758909601_P3AQN1SNOrp2gZMR,Seven Palm,,Seven Palm Jumeirah,1
1161365490406216234,https://www.airbnb.ae/rooms/1161365490406216234?_set_bev_on_new_domain=1758068560_EAMTE0YzhlYzljND&source_impression_id=p3_1758909622_P3229t3MlQ3dFtLO,Seven Palm,,Seven Palm Jumeirah,0
1166554982184487499,https://www.airbnb.ae/rooms/1166554982184487499?_set_bev_on_new_domain=1758068560_EAMTE0YzhlYzljND&source_impression_id=p3_1758909635_P3P0nLIDw6klTaN4,Seven Palm,,Seven Palm Jumeirah,1
1166513840819032927,https://www.airbnb.ae/rooms/1166513840819032927?_set_bev_on_new_domain=1758068560_EAMTE0YzhlYzljND&source_impression_id=p3_1758909644_P3mfSowNDfldxoLl,Seven Palm,,Seven Palm Jumeirah,0
1284537367171161311,https://www.airbnb.ae/rooms/1284537367171161311?_set_bev_on_new_domain=1758068560_EAMTE0YzhlYzljND&source_impression_id=p3_1758909651_P316Qlm70WAX15Rg,Seven Palm,,Seven Palm Jumeirah,1
1112380494459659747,https://www.airbnb.ae/rooms/1112380494459659747?_set_bev_on_new_domain=1758068560_EAMTE0YzhlYzljND&source_impression_id=p3_1758909666_P3NFjTrnTc9j3Mpu,Seven Palm,,Seven Palm Jumeirah,1
1178985898626157470,https://www.airbnb.ae/rooms/1178985898626157470?_set_bev_on_new_domain=1758068560_EAMTE0YzhlYzljND&source_impression_id=p3_1758909674_P3EIoEv_F8NouK7B,Seven Palm,,Seven Palm Jumeirah,0
1186150752195223519,https://www.airbnb.ae/rooms/1186150752195223519?_set_bev_on_new_domain=1758068560_EAMTE0YzhlYzljND&source_impression_id=p3_1758909681_P3k1BcScbj07AJl6,Seven Palm,,Seven Palm Jumeirah,1
1024341030387170322,https://www.airbnb.ae/rooms/1024341030387170322?_set_bev_on_new_domain=1758068560_EAMTE0YzhlYzljND&source_impression_id=p3_1758909689_P3m13XDPD4X9hiX0,Seven Palm,,Seven Palm Jumeirah,0
1221510700270907257,https://www.airbnb.ae/rooms/1221510700270907257?_set_bev_on_new_domain=1758068560_EAMTE0YzhlYzljND&source_impression_id=p3_1758909697_P3sJFX78QyirA-g5,Seven Palm,,Seven Palm Jumeirah,0
978771295058695371,https://www.airbnb.ae/rooms/978771295058695371?_set_bev_on_new_domain=1758068560_EAMTE0YzhlYzljND&source_impression_id=p3_1758909704_P30OWUZOXLfodGoC,Seven Palm,,Seven Palm Jumeirah,0
994154780387120172,https://www.airbnb.ae/rooms/994154780387120172?_set_bev_on_new_domain=1758068560_EAMTE0YzhlYzljND&source_impression_id=p3_1758909714_P39rQJfLeNU-U4pJ,Seven Palm,,Seven Palm Jumeirah,1
1257092647112895765,https://www.airbnb.ae/rooms/1257092647112895765?_set_bev_on_new_domain=1758068560_EAMTE0YzhlYzljND&source_impression_id=p3_1758909726_P3n2IP226qn_apA_,Seven Palm,,Seven Palm Jumeirah,0
1290411912068991279,https://www.airbnb.ae/rooms/1290411912068991279?_set_bev_on_new_domain=1758068560_EAMTE0YzhlYzljND&source_impression_id=p3_1758909734_P3tx6jcP4LFkTwC_,Seven Palm,,Seven Palm Jumeirah,1
1175976656864117040,https://www.airbnb.ae/rooms/1175976656864117040?_set_bev_on_new_domain=1758068560_EAMTE0YzhlYzljND&source_impression_id=p3_1758909742_P39bBos7JIyCodLW,Seven Palm,,Seven Palm Jumeirah,0
1176120567698357025,https://www.airbnb.ae/rooms/1176120567698357025?_set_bev_on_new_domain=1758068560_EAMTE0YzhlYzljND&source_impression_id=p3_1758909749_P3cxmuX5ynupIcJ1,Seven Palm,,Seven Palm Jumeirah,0
1253277448306100311,https://www.airbnb.ae/rooms/1253277448306100311?_set_bev_on_new_domain=1758068560_EAMTE0YzhlYzljND&source_impression_id=p3_1758909758_P3fr8cccd7_pAEwq,Seven Palm,,Seven Palm Jumeirah,1
1154962257449045450,https://www.airbnb.ae/rooms/1154962257449045450?_set_bev_on_new_domain=1758068560_EAMTE0YzhlYzljND&source_impression_id=p3_1758909769_P3XlUj3Lsyz1IuKT,Seven Palm,,Seven Palm Jumeirah,0
977100661116748060,https://www.airbnb.ae/rooms/977100661116748060?_set_bev_on_new_domain=1758068560_EAMTE0YzhlYzljND&source_impression_id=p3_1758909777_P3F0Wa1ZmNrFOeFo,Seven Palm,,Seven Palm Jumeirah,0
1244231200933785640,https://www.airbnb.ae/rooms/1244231200933785640?_set_bev_on_new_domain=1758068560_EAMTE0YzhlYzljND&source_impression_id=p3_1758909784_P3lxICqwcusaf8QH,Seven Palm,,Seven Palm Jumeirah,0
1150563489859955581,https://www.airbnb.ae/rooms/1150563489859955581?_set_bev_on_new_domain=1758068560_EAMTE0YzhlYzljND&source_impression_id=p3_1758909792_P3t_Cu0UmLazRd9P,Seven Palm,,Seven Palm Jumeirah,0
1016055150111121735,https://www.airbnb.ae/rooms/1016055150111121735?_set_bev_on_new_domain=1758068560_EAMTE0YzhlYzljND&source_impression_id=p3_1758909800_P35xko-gZW--XAO8,Seven Palm,,Seven Palm Jumeirah,0
1057264144583249873,https://www.airbnb.ae/rooms/1057264144583249873?_set_bev_on_new_domain=1758068560_EAMTE0YzhlYzljND&source_impression_id=p3_1758909806_P3B9QqiLsgxEvupY,Seven Palm,,Seven Palm Jumeirah,0
1052827545003148359,https://www.airbnb.ae/rooms/1052827545003148359?_set_bev_on_new_domain=1758068560_EAMTE0YzhlYzljND&source_impression_id=p3_1758909517_P3gfsn1mXJfm5Ee2,Seven Palm,,Seven Palm Jumeirah,1
1077243605779733292,https://www.airbnb.ae/rooms/1077243605779733292?_set_bev_on_new_domain=1758068560_EAMTE0YzhlYzljND&source_impression_id=p3_1758909528_P3KAo-CCylu4UOXo,Seven Palm,,Seven Palm Jumeirah,1
1265267169204521615,https://www.airbnb.ae/rooms/1265267169204521615?_set_bev_on_new_domain=1758068560_EAMTE0YzhlYzljND&source_impression_id=p3_1758909538_P3ZExqaKQPZdM4dA,Seven Palm,,Seven Palm Jumeirah,1
1120040995663831219,https://www.airbnb.ae/rooms/1120040995663831219?_set_bev_on_new_domain=1758068560_EAMTE0YzhlYzljND&source_impression_id=p3_1758909545_P37Yt3eD9P2HAp6I,Seven Palm,,Seven Palm Jumeirah,0
1217243448676429468,https://www.airbnb.ae/rooms/1217243448676429468?_set_bev_on_new_domain=1758068560_EAMTE0YzhlYzljND&source_impression_id=p3_1758909430_P3Iiw4pUpmHTSoyY,Seven Palm,,Seven Palm Jumeirah,1
1045581565212307392,https://www.airbnb.ae/rooms/1045581565212307392?_set_bev_on_new_domain=1758068560_EAMTE0YzhlYzljND&source_impression_id=p3_1758909442_P3XbQgP_rpXh-OU0,Seven Palm,,Seven Palm Jumeirah,1
1176518416677885028,https://www.airbnb.ae/rooms/1176518416677885028?_set_bev_on_new_domain=1758068560_EAMTE0YzhlYzljND&source_impression_id=p3_1758909447_P3VjWcPcVuqLz5kX,Seven Palm,,Seven Palm Jumeirah,1
1049951699706196706,https://www.airbnb.ae/rooms/1049951699706196706?_set_bev_on_new_domain=1758068560_EAMTE0YzhlYzljND&source_impression_id=p3_1758909469_P3awYqLOAxM-KjWG,Seven Palm,,Seven Palm Jumeirah,1
1004874227187191158,https://www.airbnb.ae/rooms/1004874227187191158?_set_bev_on_new_domain=1758068560_EAMTE0YzhlYzljND&source_impression_id=p3_1758909485_P3gog8WqDA_lY1WK,Seven Palm,,Seven Palm Jumeirah,1
1214286470283304536,https://www.airbnb.ae/rooms/1214286470283304536?_set_bev_on_new_domain=1758068560_EAMTE0YzhlYzljND&source_impression_id=p3_1758911394_P3nbVh_qrz8NiRZR,Seven Palm,,Seven Palm Jumeirah,2
1157145842214333048,https://www.airbnb.ae/rooms/1157145842214333048?_set_bev_on_new_domain=1758068560_EAMTE0YzhlYzljND&source_impression_id=p3_1758911398_P3xqj7O4Xc5dLPm-,Seven Palm,,Seven Palm Jumeirah,2
1217374569163675341,https://www.airbnb.ae/rooms/1217374569163675341?_set_bev_on_new_domain=1758068560_EAMTE0YzhlYzljND&source_impression_id=p3_1758911406_P3U2PUgue8gNLvjk,Seven Palm,,Seven Palm Jumeirah,2
1111400458538784060,https://www.airbnb.ae/rooms/1111400458538784060?_set_bev_on_new_domain=1758068560_EAMTE0YzhlYzljND&source_impression_id=p3_1758911412_P3kJDvA1ZHrsix3Y,Seven Palm,,Seven Palm Jumeirah,2
1066399828336704016,https://www.airbnb.ae/rooms/1066399828336704016?_set_bev_on_new_domain=1758068560_EAMTE0YzhlYzljND&source_impression_id=p3_1758911479_P3RTXDZRN5NLt680,Seven Palm,,Seven Palm Jumeirah,3
1111413113565263079,https://www.airbnb.ae/rooms/1111413113565263079?_set_bev_on_new_domain=1758068560_EAMTE0YzhlYzljND&source_impression_id=p3_1758911748_P3HCI5kos28XYLgM,Fairmont Residences,,Fairmont Palm Residences,2
52835157,https://www.airbnb.ae/rooms/52835157?_set_bev_on_new_domain=1758068560_EAMTE0YzhlYzljND&source_impression_id=p3_1758911751_P3wZIfksArlrCLbb,Fairmont Residences,,Fairmont Palm Residences,2
759714371990411247,https://www.airbnb.ae/rooms/759714371990411247?_set_bev_on_new_domain=1758068560_EAMTE0YzhlYzljND&source_impression_id=p3_1758911755_P3xFYh_z4ibBxOE7,Fairmont Residences,,Fairmont Palm Residences,2
1264987499337917341,https://www.airbnb.ae/rooms/1264987499337917341?_set_bev_on_new_domain=1758068560_EAMTE0YzhlYzljND&source_impression_id=p3_1758911759_P3WywU2jUqfvkvv2,Fairmont Residences,,Fairmont Palm Residences,2
1227978165322399503,https://www.airbnb.ae/rooms/1227978165322399503?_set_bev_on_new_domain=1758068560_EAMTE0YzhlYzljND&source_impression_id=p3_1758912147_P3X6lTIXAi5Ap3wf,Five Palm Jumeirah,,Five Palm Jumeirah,2
917414208875417180,https://www.airbnb.ae/rooms/917414208875417180?_set_bev_on_new_domain=1758068560_EAMTE0YzhlYzljND&source_impression_id=p3_1758912158_P3xUisat1r_fZLB5,Five Palm Jumeirah,,Five Palm Jumeirah,1
1269303613994223909,https://www.airbnb.ae/rooms/1269303613994223909?_set_bev_on_new_domain=1758068560_EAMTE0YzhlYzljND&source_impression_id=p3_1758912166_P3UmhDmLFYP8btx9,Five Palm Jumeirah,,Five Palm Jumeirah,1
871463965921258560,https://www.airbnb.ae/rooms/871463965921258560?_set_bev_on_new_domain=1758068560_EAMTE0YzhlYzljND&source_impression_id=p3_1758912174_P3CpfQrgE67gjamX,Five Palm Jumeirah,,Five Palm Jumeirah,1
1115104725532931570,https://www.airbnb.ae/rooms/1115104725532931570?_set_bev_on_new_domain=1758068560_EAMTE0YzhlYzljND&source_impression_id=p3_1758912184_P3UUsJbv_yG-dMiV,Five Palm Jumeirah,,Five Palm Jumeirah,2
1359342153466575023,https://www.airbnb.ae/rooms/1359342153466575023?_set_bev_on_new_domain=1758068560_EAMTE0YzhlYzljND&source_impression_id=p3_1758912192_P32PyD7xvGQWuN0v,Five Palm Jumeirah,,Five Palm Jumeirah,1
1179992235851328216,https://www.airbnb.ae/rooms/1179992235851328216?_set_bev_on_new_domain=1758068560_EAMTE0YzhlYzljND&source_impression_id=p3_1758912203_P3m8k9OQnS-kQuh8,Five Palm Jumeirah,,Five Palm Jumeirah,1
638750245797196461,https://www.airbnb.ae/rooms/638750245797196461?_set_bev_on_new_domain=1758068560_EAMTE0YzhlYzljND&source_impression_id=p3_1758912214_P3T7rc8xkGwGvYpC,Five Palm Jumeirah,,Five Palm Jumeirah,2
735909769812027797,https://www.airbnb.ae/rooms/735909769812027797?_set_bev_on_new_domain=1758068560_EAMTE0YzhlYzljND&source_impression_id=p3_1758912220_P3GGOeSPGkzoxeAT,Five Palm Jumeirah,,Five Palm Jumeirah,2
46759293,https://www.airbnb.ae/rooms/46759293?_set_bev_on_new_domain=1758068560_EAMTE0YzhlYzljND&source_impression_id=p3_1758912346_P353o5wAUQv5R_3t,Five Palm Jumeirah,,Five Palm Jumeirah,5
22310925,https://www.airbnb.ae/rooms/22310925?_set_bev_on_new_domain=1758068560_EAMTE0YzhlYzljND&source_impression_id=p3_1758912339_P3kOU5e2EieEnXCo,Five Palm Jumeirah,,Five Palm Jumeirah,5
681026428070063125,https://www.airbnb.ae/rooms/681026428070063125?_set_bev_on_new_domain=1758068560_EAMTE0YzhlYzljND&source_impression_id=p3_1758912331_P3qr2PSjQodg7O3S,Five Palm Jumeirah,,Five Palm Jumeirah,3
52545922,https://www.airbnb.ae/rooms/52545922?_set_bev_on_new_domain=1758068560_EAMTE0YzhlYzljND&source_impression_id=p3_1758912326_P3jDKxV7AHSAVjIP,Five Palm Jumeirah,,Five Palm Jumeirah,3
581643252219572637,https://www.airbnb.ae/rooms/581643252219572637?_set_bev_on_new_domain=1758068560_EAMTE0YzhlYzljND&source_impression_id=p3_1758912320_P3U5lO0QbLjsTzq8,Five Palm Jumeirah,,Five Palm Jumeirah,3
1066118050572298727,https://www.airbnb.ae/rooms/1066118050572298727?_set_bev_on_new_domain=1758068560_EAMTE0YzhlYzljND&source_impression_id=p3_1758912313_P3YF4SyKyJrWKej5,Five Palm Jumeirah,,Five Palm Jumeirah,2
1288385069716424400,https://www.airbnb.ae/rooms/1288385069716424400?_set_bev_on_new_domain=1758068560_EAMTE0YzhlYzljND&source_impression_id=p3_1758912308_P3WdlTsTNndmVK_l,Five Palm Jumeirah,,Five Palm Jumeirah,4
52382951,https://www.airbnb.ae/rooms/52382951?_set_bev_on_new_domain=1758068560_EAMTE0YzhlYzljND&source_impression_id=p3_1758912298_P3Uh-k-XO9WQapo7,Five Palm Jumeirah,,Five Palm Jumeirah,2
1014894465005034339,https://www.airbnb.ae/rooms/1014894465005034339?_set_bev_on_new_domain=1758068560_EAMTE0YzhlYzljND&source_impression_id=p3_1758912285_P3-1EyLsqbQCj7hJ,Five Palm Jumeirah,,Five Palm Jumeirah,3
695963385836242013,https://www.airbnb.ae/rooms/695963385836242013?_set_bev_on_new_domain=1758068560_EAMTE0YzhlYzljND&source_impression_id=p3_1758912253_P3AdEtMgZ18O2FGj,Five Palm Jumeirah,,Five Palm Jumeirah,3
1120859172830551597,https://www.airbnb.ae/rooms/1120859172830551597?_set_bev_on_new_domain=1758068560_EAMTE0YzhlYzljND&source_impression_id=p3_1758912248_P3dNWxjoRMWk9wF1,Five Palm Jumeirah,,Five Palm Jumeirah,2
842401848124034523,https://www.airbnb.ae/rooms/842401848124034523?_set_bev_on_new_domain=1758068560_EAMTE0YzhlYzljND&source_impression_id=p3_1758912240_P3HcNYTyNhP75yJl,Five Palm Jumeirah,,Five Palm Jumeirah,2
1191740190119636405,https://www.airbnb.ae/rooms/1191740190119636405?_set_bev_on_new_domain=1758068560_EAMTE0YzhlYzljND&source_impression_id=p3_1758912233_P37Cw0JZYSozbvlh,Five Palm Jumeirah,,Five Palm Jumeirah,2
1262380432343192441,https://www.airbnb.ae/rooms/1262380432343192441?_set_bev_on_new_domain=1758068560_EAMTE0YzhlYzljND&source_impression_id=p3_1758913133_P30Zgg2JiQS8AYTk,Five Palm Jumeirah,,Five Palm Jumeirah,2
1197052751999715716,https://www.airbnb.ae/rooms/1197052751999715716?_set_bev_on_new_domain=1758068560_EAMTE0YzhlYzljND&source_impression_id=p3_1758913212_P3ji8o8wOmKRuBFh,Palm Tower,,The Palm Tower,1
1117918028725679331,https://www.airbnb.ae/rooms/1117918028725679331?_set_bev_on_new_domain=1758068560_EAMTE0YzhlYzljND&source_impression_id=p3_1758913219_P35CifNkCqSK3XCV,Palm Tower,,The Palm Tower,1
939003319543567962,https://www.airbnb.ae/rooms/939003319543567962?_set_bev_on_new_domain=1758068560_EAMTE0YzhlYzljND&source_impression_id=p3_1758913230_P3NVuMZ_MNE0pOiw,Palm Tower,,The Palm Tower,0
778020829847475210,https://www.airbnb.ae/rooms/778020829847475210?_set_bev_on_new_domain=1758068560_EAMTE0YzhlYzljND&source_impression_id=p3_1758913236_P39xFgoQrf2OYzuW,Palm Tower,,The Palm Tower,0
1123611499904999085,https://www.airbnb.ae/rooms/1123611499904999085?_set_bev_on_new_domain=1758068560_EAMTE0YzhlYzljND&source_impression_id=p3_1758913242_P37N0hzvW0kxZCf5,Palm Tower,,The Palm Tower,0
939015152150916080,https://www.airbnb.ae/rooms/939015152150916080?_set_bev_on_new_domain=1758068560_EAMTE0YzhlYzljND&source_impression_id=p3_1758913251_P3kFV7lyihwiarvI,Palm Tower,,The Palm Tower,0
791771287657749452,https://www.airbnb.ae/rooms/791771287657749452?_set_bev_on_new_domain=1758068560_EAMTE0YzhlYzljND&source_impression_id=p3_1758913257_P3KTBQ1V5ByFTmX6,Palm Tower,,The Palm Tower,0
54142780,https://www.airbnb.ae/rooms/54142780?_set_bev_on_new_domain=1758068560_EAMTE0YzhlYzljND&source_impression_id=p3_1758913261_P3RRh9614MF3BzIB,Palm Tower,,The Palm Tower,0
594007060849991188,https://www.airbnb.ae/rooms/594007060849991188?_set_bev_on_new_domain=1758068560_EAMTE0YzhlYzljND&source_impression_id=p3_1758913266_P3Dos1W_tWXWDXKv,Palm Tower,,The Palm Tower,0
800420530091204305,https://www.airbnb.ae/rooms/800420530091204305?_set_bev_on_new_domain=1758068560_EAMTE0YzhlYzljND&source_impression_id=p3_1758913725_P36pA0hj0N5HKREE,Marina Residences,,Marina Residences,3
1084107669345081411,https://www.airbnb.ae/rooms/1084107669345081411?_set_bev_on_new_domain=1758068560_EAMTE0YzhlYzljND&source_impression_id=p3_1758913763_P3qJje2seUC4OCiB,Marina Residences,,Marina Residences,2
1076718389176330262,https://www.airbnb.ae/rooms/1076718389176330262?_set_bev_on_new_domain=1758068560_EAMTE0YzhlYzljND&source_impression_id=p3_1758914222_P3BfQRbkCIifGKmX,Shoreline,,Shoreline Apartments,2
43178924,https://www.airbnb.ae/rooms/43178924?_set_bev_on_new_domain=1758068560_EAMTE0YzhlYzljND&source_impression_id=p3_1758914143_P3DEPVQUh5avsAxK,Shoreline,,Shoreline Apartments,2
1236716648345759407,https://www.airbnb.ae/rooms/1236716648345759407?_set_bev_on_new_domain=1758068560_EAMTE0YzhlYzljND&source_impression_id=p3_1758914112_P3GkC8i3f3lCNYbO,Shoreline,,Shoreline Apartments,3
1141912360724112181,https://www.airbnb.ae/rooms/1141912360724112181?_set_bev_on_new_domain=1758068560_EAMTE0YzhlYzljND&source_impression_id=p3_1758914122_P3UVAI9b2IOkexOr,Shoreline,,Shoreline Apartments,2
1229516091185214739,https://www.airbnb.ae/rooms/1229516091185214739?_set_bev_on_new_domain=1758068560_EAMTE0YzhlYzljND&source_impression_id=p3_1758914080_P3AAoiwOyWDL-ZkD,Shoreline,,Shoreline Apartments,4
1292510482913434173,https://www.airbnb.ae/rooms/1292510482913434173?_set_bev_on_new_domain=1758068560_EAMTE0YzhlYzljND&source_impression_id=p3_1758914089_P3voYnUUlPTfoRt4,Shoreline,,Shoreline Apartments,3
730866684003201325,https://www.airbnb.ae/rooms/730866684003201325?_set_bev_on_new_domain=1758068560_EAMTE0YzhlYzljND&source_impression_id=p3_1758914399_P31Sm9lDpLckqjE6,Palm Views,,Palm Views,0
713588301889935944,https://www.airbnb.ae/rooms/713588301889935944?_set_bev_on_new_domain=1758068560_EAMTE0YzhlYzljND&source_impression_id=p3_1758914405_P3cu7c6YNtGTAoxJ,Palm Views,,Palm Views,0
690968416794081817,https://www.airbnb.ae/rooms/690968416794081817?_set_bev_on_new_domain=1758068560_EAMTE0YzhlYzljND&source_impression_id=p3_1758914410_P3zYnrv9aQmI8KkK,Palm Views,,Palm Views,0
1057811212458830123,https://www.airbnb.ae/rooms/1057811212458830123?_set_bev_on_new_domain=1758068560_EAMTE0YzhlYzljND&source_impression_id=p3_1758914421_P3zXNUco_DbEvNxc,Palm Views,,Palm Views,0
962835686234757759,https://www.airbnb.ae/rooms/962835686234757759?_set_bev_on_new_domain=1758068560_EAMTE0YzhlYzljND&source_impression_id=p3_1758914432_P312vyyd3vEEcvxO,Palm Views,,Palm Views,0
1249934705644418873,https://www.airbnb.ae/rooms/1249934705644418873?_set_bev_on_new_domain=1758068560_EAMTE0YzhlYzljND&source_impression_id=p3_1758914437_P3C-GRynSrb6YtaH,Palm Views,,Palm Views,0
1274653150986975544,https://www.airbnb.ae/rooms/1274653150986975544?_set_bev_on_new_domain=1758068560_EAMTE0YzhlYzljND&source_impression_id=p3_1758914441_P3KLZ7XhrA5VAErW,Palm Views,,Palm Views,0
962835686234757759,https://www.airbnb.ae/rooms/962835686234757759?_set_bev_on_new_domain=1758068560_EAMTE0YzhlYzljND&source_impression_id=p3_1758921599_P3rk3Ya-pD4KGoZS,Palm Views,,Palm Views,0
1241855145723193243,https://www.airbnb.ae/rooms/1241855145723193243?_set_bev_on_new_domain=1758068560_EAMTE0YzhlYzljND&source_impression_id=p3_1758914635_P3mOB1AlIV3S_HCC,Azure Residences,,Azure Residences,2
1167328486176123099,https://www.airbnb.ae/rooms/1167328486176123099?_set_bev_on_new_domain=1758068560_EAMTE0YzhlYzljND&source_impression_id=p3_1758914726_P3aTGFVPG88oPkhU,Club Vista Mare,,Club Vista Mare,0
42130852,https://www.airbnb.ae/rooms/42130852?_set_bev_on_new_domain=1758068560_EAMTE0YzhlYzljND&source_impression_id=p3_1758914732_P3YAtByBmTEffE3z,Club Vista Mare,,Club Vista Mare,0
1051855196401329440,https://www.airbnb.ae/rooms/1051855196401329440?_set_bev_on_new_domain=1758068560_EAMTE0YzhlYzljND&source_impression_id=p3_1758914736_P3Vg1OPAk8KSqqMG,Club Vista Mare,,Club Vista Mare,0
1144972440880912903,https://www.airbnb.ae/rooms/1144972440880912903?_set_bev_on_new_domain=1758068560_EAMTE0YzhlYzljND&source_impression_id=p3_1758917500_P3LgXialQxMdzmzG,Oceana Residences,,Oceana Residences,4
933013750575713802,https://www.airbnb.ae/rooms/933013750575713802?_set_bev_on_new_domain=1758068560_EAMTE0YzhlYzljND&source_impression_id=p3_1758917503_P3uHDIVedY00RRni,Oceana Residences,,Oceana Residences,4
1151371474689072305,https://www.airbnb.ae/rooms/1151371474689072305?_set_bev_on_new_domain=1758068560_EAMTE0YzhlYzljND&source_impression_id=p3_1758917508_P36fdcvvCgVnduNA,Oceana Residences,,Oceana Residences,3
866475645650963424,https://www.airbnb.ae/rooms/866475645650963424?_set_bev_on_new_domain=1758068560_EAMTE0YzhlYzljND&source_impression_id=p3_1758917513_P3DQIBK95k9r82KG,Oceana Residences,,Oceana Residences,2
811306449705994511,https://www.airbnb.ae/rooms/811306449705994511?_set_bev_on_new_domain=1758068560_EAMTE0YzhlYzljND&source_impression_id=p3_1758917520_P3vSm-TECaMYHhM8,Oceana Residences,,Oceana Residences,1
810637517801962053,https://www.airbnb.ae/rooms/810637517801962053?_set_bev_on_new_domain=1758068560_EAMTE0YzhlYzljND&source_impression_id=p3_1758917527_P3pO34giPv6cya_K,Oceana Residences,,Oceana Residences,1
800420530091204305,https://www.airbnb.ae/rooms/800420530091204305?_set_bev_on_new_domain=1758068560_EAMTE0YzhlYzljND&source_impression_id=p3_1758917737_P3v_d3g5liisDD_t&modal=DESCRIPTION,Tiara Residences,,Tiara Residences,3
917825195892514686,https://www.airbnb.ae/rooms/917825195892514686?_set_bev_on_new_domain=1758068560_EAMTE0YzhlYzljND&source_impression_id=p3_1758917747_P3zV47pb-aDIc61O,Tiara Residences,,Tiara Residences,2
995513022922290042,https://www.airbnb.ae/rooms/995513022922290042?_set_bev_on_new_domain=1758068560_EAMTE0YzhlYzljND&source_impression_id=p3_1758917752_P3NM50lWtH2yryiM,Tiara Residences,,Tiara Residences,1
780924096336537948,https://www.airbnb.ae/rooms/780924096336537948?_set_bev_on_new_domain=1758068560_EAMTE0YzhlYzljND&source_impression_id=p3_1758917759_P3smXIYsOk8ZyvA1,Tiara Residences,,Tiara Residences,2
696842221023998510,https://www.airbnb.ae/rooms/696842221023998510?_set_bev_on_new_domain=1758068560_EAMTE0YzhlYzljND&source_impression_id=p3_1758917773_P31dKobaXW7zti7G,Tiara Residences,,Tiara Residences,1
43120272,https://www.airbnb.ae/rooms/43120272?_set_bev_on_new_domain=1758068560_EAMTE0YzhlYzljND&source_impression_id=p3_1758918111_P3oNAwfknOSkQ3mw,Sarai Apartments,,Sarai Apartments,3
1135312640670479657,https://www.airbnb.ae/rooms/1135312640670479657?_set_bev_on_new_domain=1758068560_EAMTE0YzhlYzljND&source_impression_id=p3_1758918601_P3GFlRPW6rXf_XWq,Azizi Mina,,Azizi Mina,2
1267348887079038715,https://www.airbnb.ae/rooms/1267348887079038715?_set_bev_on_new_domain=1758068560_EAMTE0YzhlYzljND&source_impression_id=p3_1758918730_P3AJ3mjKcdEADou3,Azizi Mina,,Azizi Mina,1
53034518,https://www.airbnb.ae/rooms/53034518?_set_bev_on_new_domain=1758068560_EAMTE0YzhlYzljND&source_impression_id=p3_1758921448_P3AP3hEgxRwrIcSK,Azizi Mina,,Azizi Mina,1
1294100010850824551,https://www.airbnb.ae/rooms/1294100010850824551?_set_bev_on_new_domain=1758068560_EAMTE0YzhlYzljND&source_impression_id=p3_1758921509_P3v0DPYj4mn4FJkr,Azizi Mina,,Azizi Mina,1
1128726195156061931,https://www.airbnb.ae/rooms/1128726195156061931?_set_bev_on_new_domain=1758068560_EAMTE0YzhlYzljND&source_impression_id=p3_1758924168_P3tLvYQdlumrxQoR,The Royal Amwaj,,The Royal Amwaj,1
912017785656694597,https://www.airbnb.ae/rooms/912017785656694597?_set_bev_on_new_domain=1758068560_EAMTE0YzhlYzljND&source_impression_id=p3_1758924183_P3sT0GyVvpO1FY63,The Royal Amwaj,,The Royal Amwaj,2
1194070207420505171,https://www.airbnb.ae/rooms/1194070207420505171?_set_bev_on_new_domain=1758068560_EAMTE0YzhlYzljND&source_impression_id=p3_1758924220_P3juyMpO-5jBYdO5,The Royal Amwaj,,The Royal Amwaj,1
1187631443502397919,https://www.airbnb.ae/rooms/1187631443502397919?_set_bev_on_new_domain=1758068560_EAMTE0YzhlYzljND&source_impression_id=p3_1758924212_P3PnTAGtti30A1s7,The Royal Amwaj,,The Royal Amwaj,2
1283419742120403270,https://www.airbnb.ae/rooms/1283419742120403270?_set_bev_on_new_domain=1758068560_EAMTE0YzhlYzljND&source_impression_id=p3_1758924228_P3Ap5BomCcSa0pPG,The Royal Amwaj,,The Royal Amwaj,2
749688060169485485,https://www.airbnb.ae/rooms/749688060169485485?_set_bev_on_new_domain=1758068560_EAMTE0YzhlYzljND&source_impression_id=p3_1758924239_P3ePYFkRm9q0Peg0,The Royal Amwaj,,The Royal Amwaj,2
973924244675502360,https://www.airbnb.ae/rooms/973924244675502360?_set_bev_on_new_domain=1758068560_EAMTE0YzhlYzljND&source_impression_id=p3_1758924297_P3AUoP9ewYttjRAa,The Royal Amwaj,,The Royal Amwaj,2
1197602434053873972,https://www.airbnb.ae/rooms/1197602434053873972?_set_bev_on_new_domain=1758068560_EAMTE0YzhlYzljND&source_impression_id=p3_1758924306_P3DF4x2X0qAydNGq,The Royal Amwaj,,The Royal Amwaj,1
1045443793067394096,https://www.airbnb.ae/rooms/1045443793067394096?_set_bev_on_new_domain=1758068560_EAMTE0YzhlYzljND&source_impression_id=p3_1758924313_P3NqXaT4NGMYMZjh,The Royal Amwaj,,The Royal Amwaj,2
1242665933136019189,https://www.airbnb.ae/rooms/1242665933136019189?_set_bev_on_new_domain=1758068560_EAMTE0YzhlYzljND&source_impression_id=p3_1758924361_P3vfPHgJjQvXoNjv,The Royal Amwaj,,The Royal Amwaj,1
736711112125803756,https://www.airbnb.ae/rooms/736711112125803756?_set_bev_on_new_domain=1758068560_EAMTE0YzhlYzljND&source_impression_id=p3_1758924387_P3F9Sl1SmlMNRFxN,The Royal Amwaj,,The Royal Amwaj,2
717171157403920579,https://www.airbnb.ae/rooms/717171157403920579?_set_bev_on_new_domain=1758068560_EAMTE0YzhlYzljND&source_impression_id=p3_1758924396_P3K89LcuOuCo86Sg,The Royal Amwaj,,The Royal Amwaj,1
720191964635234228,https://www.airbnb.ae/rooms/720191964635234228?_set_bev_on_new_domain=1758068560_EAMTE0YzhlYzljND&source_impression_id=p3_1758924407_P31JCSa8vagylGAu,The Royal Amwaj,,The Royal Amwaj,1
1165817880489648374,https://www.airbnb.ae/rooms/1165817880489648374?_set_bev_on_new_domain=1758068560_EAMTE0YzhlYzljND&source_impression_id=p3_1758924435_P37DvJVHuHPHnJDu,The Royal Amwaj,,The Royal Amwaj,1
1234492751729877954,https://www.airbnb.ae/rooms/1234492751729877954?_set_bev_on_new_domain=1758068560_EAMTE0YzhlYzljND&source_impression_id=p3_1758924452_P3KLYAbwAOutIKRl,The Royal Amwaj,,The Royal Amwaj,1
944812032621764061,https://www.airbnb.ae/rooms/944812032621764061?_set_bev_on_new_domain=1758068560_EAMTE0YzhlYzljND&source_impression_id=p3_1758924151_P3EiMyedXAq1qvea,The Royal Amwaj,,The Royal Amwaj,2
53034518,https://www.airbnb.ae/rooms/53034518?_set_bev_on_new_domain=1758068560_EAMTE0YzhlYzljND&source_impression_id=p3_1758921448_P3AP3hEgxRwrIcSK,The Royal Amwaj,,The Royal Amwaj,1
663361463082927004,https://www.airbnb.ae/rooms/663361463082927004?_set_bev_on_new_domain=1758068560_EAMTE0YzhlYzljND&source_impression_id=p3_1758926941_P3XZBOsTESHd9-mU,Th8,,Th8,2
894790461124874200,https://www.airbnb.ae/rooms/894790461124874200?_set_bev_on_new_domain=1758068560_EAMTE0YzhlYzljND&source_impression_id=p3_1758926954_P31R7yQ6C4gQ4vcr,Th8,,Th8,2
1336153008125839704,https://www.airbnb.ae/rooms/1336153008125839704?_set_bev_on_new_domain=1758068560_EAMTE0YzhlYzljND&source_impression_id=p3_1758926982_P3GPtTDSjzQKo1zy,Th8,,Th8,2
674218081769217364,https://www.airbnb.ae/rooms/674218081769217364?_set_bev_on_new_domain=1758068560_EAMTE0YzhlYzljND&source_impression_id=p3_1758926987_P3yVL290Qz6neeYP,Th8,,Th8,1
1211452290915168419,https://www.airbnb.ae/rooms/1211452290915168419?_set_bev_on_new_domain=1758068560_EAMTE0YzhlYzljND&source_impression_id=p3_1758926925_P3r-Bopa-cPuzSbf,Th8,,Th8,1
41388491,https://www.airbnb.ae/rooms/41388491?_set_bev_on_new_domain=1758068560_EAMTE0YzhlYzljND&source_impression_id=p3_1758926678_P3ogKmXRGeBZRDJq,Balqis Residence (Kingdom Of Sheba),,Balqis Residence (Kingdom of Sheba),2
41021775,https://www.airbnb.ae/rooms/41021775?_set_bev_on_new_domain=1758068560_EAMTE0YzhlYzljND&source_impression_id=p3_1758926969_P3_aDgLNHSRJL34g,Balqis Residence (Kingdom Of Sheba),,Balqis Residence (Kingdom of Sheba),2
750428464089293077,https://www.airbnb.ae/rooms/750428464089293077?_set_bev_on_new_domain=1758068560_EAMTE0YzhlYzljND&source_impression_id=p3_1758926977_P3R2OXAu_qTRJQ3Q,Balqis Residence (Kingdom Of Sheba),,Balqis Residence (Kingdom of Sheba),2
53794282,https://www.airbnb.ae/rooms/53794282?_set_bev_on_new_domain=1758068560_EAMTE0YzhlYzljND&source_impression_id=p3_1758926993_P3eQf2TF9jbvNz_2,Balqis Residence (Kingdom Of Sheba),,Balqis Residence (Kingdom of Sheba),2
1034555652145129433,https://www.airbnb.ae/rooms/1034555652145129433?_set_bev_on_new_domain=1758068560_EAMTE0YzhlYzljND&source_impression_id=p3_1758926999_P39GroYmdYtolW9v,Balqis Residence (Kingdom Of Sheba),,Balqis Residence (Kingdom of Sheba),2
1219396761671774517,https://www.airbnb.ae/rooms/1219396761671774517?_set_bev_on_new_domain=1758068560_EAMTE0YzhlYzljND&source_impression_id=p3_1758927301_P3TooKcqQ77n32Bg,Grandeur Residences,,Grandeur Residences,3
51662811,https://www.airbnb.ae/rooms/51662811?_set_bev_on_new_domain=1758068560_EAMTE0YzhlYzljND&source_impression_id=p3_1758927318_P3TXOinT5B_uGZLK,Grandeur Residences,,Grandeur Residences,2
806382770321034417,https://www.airbnb.ae/rooms/806382770321034417?_set_bev_on_new_domain=1758068560_EAMTE0YzhlYzljND&source_impression_id=p3_1758927343_P3P40aRzuSR4H9xX,Grandeur Residences,,Grandeur Residences,1
800311386168017393,https://www.airbnb.ae/rooms/800311386168017393?_set_bev_on_new_domain=1758068560_EAMTE0YzhlYzljND&source_impression_id=p3_1758927349_P3yfDxNcvkhXP_OU,Grandeur Residences,,Grandeur Residences,1
1162198003649788202,https://www.airbnb.ae/rooms/1162198003649788202?_set_bev_on_new_domain=1758068560_EAMTE0YzhlYzljND&source_impression_id=p3_1758927295_P3ZE34z6oFCIOc-x,Jumeirah Zabeel Saray,,Jumeirah Zabeel Saray,3
878686713753390945,https://www.airbnb.ae/rooms/878686713753390945?_set_bev_on_new_domain=1758068560_EAMTE0YzhlYzljND&source_impression_id=p3_1758927305_P3LY1nM0ayP_omM8,Jumeirah Zabeel Saray,,Jumeirah Zabeel Saray,3
1188389711790371354,https://www.airbnb.ae/rooms/1188389711790371354?_set_bev_on_new_domain=1758068560_EAMTE0YzhlYzljND&source_impression_id=p3_1758927309_P3IJNsMShtm79m5U,Jumeirah Zabeel Saray,,Jumeirah Zabeel Saray,2
1189675666935721497,https://www.airbnb.ae/rooms/1189675666935721497?_set_bev_on_new_domain=1758068560_EAMTE0YzhlYzljND&source_impression_id=p3_1758927323_P3T5Rk3vza5IBaBH,Jumeirah Zabeel Saray,,Jumeirah Zabeel Saray,1
877501504715086253,https://www.airbnb.ae/rooms/877501504715086253?_set_bev_on_new_domain=1758068560_EAMTE0YzhlYzljND&source_impression_id=p3_1758927330_P3rIhuHp4rdR9v7w,Jumeirah Zabeel Saray,,Jumeirah Zabeel Saray,1
760145787160037583,https://www.airbnb.ae/rooms/760145787160037583?_set_bev_on_new_domain=1758068560_EAMTE0YzhlYzljND&source_impression_id=p3_1758927335_P3K_4iI-6_sj1aL7,Jumeirah Zabeel Saray,,Jumeirah Zabeel Saray,1
741214143378361955,https://www.airbnb.ae/rooms/741214143378361955?_set_bev_on_new_domain=1758068560_EAMTE0YzhlYzljND&source_impression_id=p3_1758927339_P3nXiYu1z1x_hZqi,Jumeirah Zabeel Saray,,Jumeirah Zabeel Saray,0
1248308717424363235,https://www.airbnb.ae/rooms/1248308717424363235?_set_bev_on_new_domain=1758068560_EAMTE0YzhlYzljND&source_impression_id=p3_1758927833_P3ySB3eA5lzY5ZoC,Rixos Hotel,,Rixos Hotel,3
